name,frame,log_lapvar,reblur,log_hf025,sigma_init
frame_000000.jpg,0,-2.142326,0.441069,-3.325779,0.2000
frame_000010.jpg,10,-2.020410,0.454720,-3.275158,0.2000
frame_000020.jpg,20,-1.898491,0.462222,-3.212555,0.2000
frame_000030.jpg,30,-2.739523,0.386928,-3.793829,0.2000
frame_000040.jpg,40,-2.825401,0.371053,-3.552014,0.2000
frame_000050.jpg,50,-2.749294,0.376534,-3.553032,0.2000
frame_000060.jpg,60,-2.867904,0.367974,-3.852074,0.2000
frame_000070.jpg,70,-3.467288,0.329913,-3.681804,0.7705
frame_000100.jpg,100,-3.547080,0.308521,-3.729412,0.8502
frame_000110.jpg,110,-2.893044,0.370460,-3.564047,0.2000
frame_000120.jpg,120,-3.021654,0.371472,-3.884400,0.3248
frame_000130.jpg,130,-3.232811,0.326195,-3.969962,0.5360
frame_000140.jpg,140,-5.196040,0.192668,-5.453467,2.4992
frame_000150.jpg,150,-3.610558,0.327797,-4.296170,0.9137
frame_000160.jpg,160,-3.650321,0.306763,-4.278951,0.9535
frame_000170.jpg,170,-2.929093,0.379073,-3.813809,0.2323
frame_000180.jpg,180,-3.068486,0.343767,-3.635379,0.3717
frame_000190.jpg,190,-2.373862,0.414469,-3.636064,0.2000
frame_000200.jpg,200,-2.901677,0.360804,-3.685184,0.2048
frame_000210.jpg,210,-3.525828,0.302495,-5.093630,0.8290
frame_000220.jpg,220,-2.782737,0.373401,-4.051348,0.2000
frame_000230.jpg,230,-2.836010,0.369157,-4.272475,0.2000
frame_000240.jpg,240,-2.961239,0.357777,-4.607732,0.2644
frame_000250.jpg,250,-3.937363,0.245345,-4.748264,1.2405
frame_000260.jpg,260,-2.570353,0.387619,-4.137292,0.2000
frame_000270.jpg,270,-2.520609,0.388571,-4.477648,0.2000
frame_000290.jpg,290,-2.581765,0.376524,-4.427948,0.2000
frame_000300.jpg,300,-2.904520,0.346494,-3.982097,0.2077
frame_000310.jpg,310,-3.098766,0.329295,-4.119901,0.4019
frame_000330.jpg,330,-2.760442,0.371835,-4.071735,0.2000
frame_000340.jpg,340,-3.058387,0.344158,-4.547891,0.3616
frame_000350.jpg,350,-3.168787,0.334477,-4.243658,0.4720
frame_000360.jpg,360,-2.754850,0.372961,-4.098310,0.2000
frame_000390.jpg,390,-3.118267,0.361710,-4.200984,0.4214
frame_000400.jpg,400,-2.318700,0.425235,-3.407699,0.2000
frame_000410.jpg,410,-2.824512,0.374861,-3.836233,0.2000
frame_000420.jpg,420,-3.040941,0.336456,-3.681414,0.3441
frame_000430.jpg,430,-2.523422,0.384217,-3.549806,0.2000
frame_000440.jpg,440,-2.856432,0.337545,-3.676777,0.2000
frame_000450.jpg,450,-3.426841,0.287086,-4.325927,0.7300
frame_000460.jpg,460,-3.590385,0.276624,-3.985806,0.8936
frame_000470.jpg,470,-2.811665,0.337148,-3.492798,0.2000
frame_000480.jpg,480,-3.650570,0.277247,-3.949493,0.9537
frame_000490.jpg,490,-3.631208,0.286289,-4.278201,0.9344
frame_000500.jpg,500,-3.538272,0.267886,-3.527229,0.8414
frame_000510.jpg,510,-3.847908,0.248043,-3.838812,1.1511
frame_000520.jpg,520,-4.054275,0.238428,-4.086605,1.3574
frame_000540.jpg,540,-3.166723,0.307685,-3.805869,0.4699
frame_000560.jpg,560,-3.614352,0.268158,-4.666766,0.9175
frame_000570.jpg,570,-2.577438,0.366362,-4.511352,0.2000
frame_000580.jpg,580,-3.036992,0.320122,-4.753207,0.3402
frame_000590.jpg,590,-2.522931,0.374423,-4.983508,0.2000
frame_000600.jpg,600,-2.744241,0.359378,-4.916875,0.2000
frame_000610.jpg,610,-2.901009,0.347992,-5.008510,0.2042
frame_000620.jpg,620,-2.695932,0.373372,-4.663599,0.2000
frame_000630.jpg,630,-3.103749,0.341513,-4.504863,0.4069
frame_000640.jpg,640,-2.388715,0.405514,-4.018167,0.2000
frame_000650.jpg,650,-2.780916,0.382238,-3.614920,0.2000
frame_000660.jpg,660,-2.775149,0.380914,-3.319836,0.2000
frame_000670.jpg,670,-2.864219,0.370825,-3.141362,0.2000
frame_000680.jpg,680,-2.696879,0.394340,-3.116413,0.2000
frame_000690.jpg,690,-2.718615,0.389758,-3.225185,0.2000
frame_000700.jpg,700,-3.217120,0.344511,-3.294788,0.5203
frame_000710.jpg,710,-3.222849,0.343817,-3.292042,0.5260
frame_000720.jpg,720,-2.852653,0.386915,-3.205135,0.2000
frame_000730.jpg,730,-2.944529,0.375655,-3.114620,0.2477
frame_000750.jpg,750,-5.313486,0.189590,-4.441265,2.5000
frame_000760.jpg,760,-4.099726,0.290940,-3.911566,1.4029
frame_000770.jpg,770,-3.827742,0.312031,-3.841584,1.1309
frame_000780.jpg,780,-3.902510,0.330029,-3.756513,1.2057
frame_000790.jpg,790,-3.064329,0.404092,-2.996405,0.3675
frame_000800.jpg,800,-3.428461,0.378173,-2.929081,0.7316
frame_000810.jpg,810,-5.223721,0.208729,-4.007146,2.5000
frame_000820.jpg,820,-5.050046,0.208510,-3.760801,2.3532
frame_000830.jpg,830,-4.249201,0.315839,-3.215323,1.5524
frame_000840.jpg,840,-4.178593,0.300820,-3.236241,1.4818
frame_000850.jpg,850,-3.796040,0.318849,-2.771300,1.0992
frame_000860.jpg,860,-4.601606,0.220759,-3.295881,1.9048
frame_000870.jpg,870,-4.900279,0.184238,-3.608946,2.2034
frame_000890.jpg,890,-4.120199,0.256893,-3.412813,1.4234
frame_000900.jpg,900,-5.009144,0.184064,-5.159865,2.3123
frame_000910.jpg,910,-3.966959,0.274279,-4.666259,1.2701
frame_000920.jpg,920,-3.706049,0.286802,-4.620139,1.0092
frame_000940.jpg,940,-3.418987,0.331940,-4.822569,0.7222
frame_000950.jpg,950,-4.247289,0.208407,-5.532065,1.5505
frame_000960.jpg,960,-3.723622,0.273616,-5.230816,1.0268
frame_000970.jpg,970,-4.374524,0.220027,-5.736100,1.6777
frame_000990.jpg,990,-4.425037,0.147880,-4.534489,1.7282
frame_001000.jpg,1000,-4.715206,0.136064,-4.885756,2.0184
frame_001020.jpg,1020,-4.993861,0.120390,-4.655386,2.2970
frame_001030.jpg,1030,-4.558326,0.152492,-3.986068,1.8615
frame_001040.jpg,1040,-4.795403,0.142964,-4.454046,2.0986
frame_001060.jpg,1060,-5.262617,0.124448,-4.736603,2.5000
frame_001070.jpg,1070,-4.643041,0.156530,-3.915215,1.9462
frame_001080.jpg,1080,-4.286620,0.178182,-4.136696,1.5898
frame_001090.jpg,1090,-4.815163,0.150681,-5.416504,2.1183
frame_001100.jpg,1100,-4.396653,0.191526,-5.261240,1.6998
frame_001110.jpg,1110,-4.882530,0.161049,-6.044427,2.1857
frame_001120.jpg,1120,-4.386907,0.199969,-5.534610,1.6901
frame_001130.jpg,1130,-4.053189,0.221474,-4.478005,1.3564
frame_001140.jpg,1140,-3.942084,0.200379,-3.468131,1.2453
frame_001150.jpg,1150,-4.807556,0.154466,-4.289769,2.1107
frame_001160.jpg,1160,-4.857112,0.150191,-4.958244,2.1603
frame_001170.jpg,1170,-5.127457,0.131207,-5.075138,2.4306
frame_001180.jpg,1180,-5.293388,0.109609,-4.867068,2.5000
frame_001190.jpg,1190,-3.925184,0.186909,-4.007347,1.2284
frame_001200.jpg,1200,-4.220692,0.164007,-5.233100,1.5239
frame_001210.jpg,1210,-4.231495,0.161536,-5.303899,1.5347
frame_001220.jpg,1220,-4.341277,0.144903,-5.415955,1.6444
frame_001230.jpg,1230,-4.257101,0.142135,-5.249781,1.5603
frame_001240.jpg,1240,-3.514279,0.209936,-4.530348,0.8174
frame_001250.jpg,1250,-3.965432,0.175380,-4.491743,1.2686
frame_001260.jpg,1260,-3.511078,0.214114,-3.719454,0.8142
frame_001270.jpg,1270,-4.183632,0.174386,-3.568769,1.4868
frame_001280.jpg,1280,-4.238556,0.170682,-3.582126,1.5417
frame_001290.jpg,1290,-3.881447,0.191740,-3.504775,1.1846
frame_001300.jpg,1300,-4.242106,0.172387,-3.656214,1.5453
frame_001310.jpg,1310,-3.984029,0.210490,-3.100679,1.2872
frame_001320.jpg,1320,-5.205234,0.146872,-4.114519,2.5000
frame_001330.jpg,1330,-4.123544,0.231475,-2.765125,1.4267
frame_001340.jpg,1340,-4.764244,0.220707,-3.850178,2.0674
frame_001350.jpg,1350,-4.077874,0.279768,-3.122557,1.3810
frame_001360.jpg,1360,-4.211067,0.253556,-2.950200,1.5142
frame_001370.jpg,1370,-4.771403,0.198182,-3.372473,2.0746
frame_001380.jpg,1380,-4.061775,0.263133,-2.690909,1.3649
frame_001390.jpg,1390,-4.219454,0.276885,-3.170689,1.5226
frame_001400.jpg,1400,-3.913137,0.323981,-3.435912,1.2163
frame_001410.jpg,1410,-3.921361,0.316095,-3.198043,1.2245
frame_001420.jpg,1420,-3.877667,0.319690,-3.542187,1.1808
frame_001430.jpg,1430,-5.095383,0.203124,-4.822554,2.3986
frame_001440.jpg,1440,-3.749569,0.333663,-3.641418,1.0527
frame_001450.jpg,1450,-3.257509,0.381832,-3.695395,0.5607
frame_001460.jpg,1460,-2.753321,0.419902,-3.395063,0.2000
frame_001470.jpg,1470,-2.747023,0.419513,-3.360776,0.2000
frame_001480.jpg,1480,-2.675958,0.421246,-3.327954,0.2000
frame_001490.jpg,1490,-2.924976,0.400933,-3.384275,0.2281
frame_001500.jpg,1500,-3.085178,0.384525,-3.465978,0.3883
frame_001510.jpg,1510,-2.897134,0.406846,-3.387942,0.2003
frame_001520.jpg,1520,-2.782022,0.413273,-3.163178,0.2000
frame_001530.jpg,1530,-2.895587,0.398015,-3.040279,0.2000
frame_001540.jpg,1540,-3.156233,0.373889,-2.929614,0.4594
frame_001550.jpg,1550,-3.274772,0.362010,-2.992708,0.5779
frame_001560.jpg,1560,-3.786757,0.324752,-3.372064,1.0899
frame_001570.jpg,1570,-3.235405,0.364083,-2.546898,0.5386
frame_001580.jpg,1580,-2.868754,0.403570,-2.192115,0.2000
frame_001600.jpg,1600,-4.964358,0.205533,-2.950870,2.2675
frame_001610.jpg,1610,-4.132307,0.305685,-2.073933,1.4355
frame_001620.jpg,1620,-4.024009,0.342010,-2.680491,1.3272
frame_001630.jpg,1630,-3.908031,0.341988,-2.853126,1.2112
frame_001640.jpg,1640,-4.235149,0.257268,-2.874299,1.5383
frame_001650.jpg,1650,-3.971988,0.280293,-3.030632,1.2752
frame_001660.jpg,1660,-3.829023,0.283875,-2.929581,1.1322
frame_001670.jpg,1670,-3.654383,0.284962,-2.872244,0.9576
frame_001680.jpg,1680,-3.569698,0.286305,-2.928944,0.8729
frame_001690.jpg,1690,-3.476095,0.288390,-2.966060,0.7793
frame_001700.jpg,1700,-3.707719,0.268001,-3.104995,1.0109
frame_001710.jpg,1710,-3.548248,0.274694,-3.024820,0.8514
frame_001720.jpg,1720,-3.851978,0.249514,-3.244433,1.1551
frame_001730.jpg,1730,-3.864544,0.237170,-3.316266,1.1677
frame_001740.jpg,1740,-3.789661,0.245531,-3.255399,1.0928
frame_001760.jpg,1760,-3.508260,0.275895,-3.152450,0.8114
frame_001770.jpg,1770,-3.550540,0.270156,-3.112952,0.8537
frame_001780.jpg,1780,-3.984651,0.228465,-3.359141,1.2878
frame_001790.jpg,1790,-4.350033,0.194693,-3.634745,1.6532
frame_001800.jpg,1800,-3.932045,0.238104,-3.130360,1.2352
frame_001810.jpg,1810,-3.942784,0.242044,-3.039779,1.2460
frame_001820.jpg,1820,-3.658701,0.276373,-2.873932,0.9619
frame_001830.jpg,1830,-3.683419,0.279488,-2.945522,0.9866
frame_001840.jpg,1840,-4.609689,0.223909,-3.708442,1.9129
frame_001850.jpg,1850,-4.659765,0.240099,-3.721407,1.9629
frame_001860.jpg,1860,-4.330506,0.292756,-4.032815,1.6337
frame_001890.jpg,1890,-5.115260,0.189703,-3.898755,2.4184
frame_001900.jpg,1900,-4.815985,0.198455,-3.903351,2.1192
frame_001910.jpg,1910,-4.547899,0.198742,-4.065162,1.8511
frame_001920.jpg,1920,-4.442253,0.218847,-4.186892,1.7454
frame_001930.jpg,1930,-4.353513,0.213002,-3.685652,1.6567
frame_001940.jpg,1940,-4.248187,0.213418,-3.556558,1.5514
frame_001960.jpg,1960,-5.315741,0.131571,-4.993867,2.5000
frame_001980.jpg,1980,-5.661584,0.115516,-5.422011,2.5000
frame_001990.jpg,1990,-4.220312,0.208319,-3.841931,1.5235
frame_002000.jpg,2000,-4.266888,0.213944,-3.803208,1.5701
frame_002010.jpg,2010,-4.052038,0.224557,-3.423711,1.3552
frame_002020.jpg,2020,-4.858798,0.161849,-4.034162,2.1620
frame_002040.jpg,2040,-3.985652,0.206520,-3.139925,1.2888
frame_002050.jpg,2050,-3.884680,0.214103,-3.006492,1.1878
frame_002060.jpg,2060,-4.224123,0.192122,-3.239203,1.5273
frame_002070.jpg,2070,-4.217287,0.192689,-3.257444,1.5205
frame_002080.jpg,2080,-4.650671,0.177283,-3.665577,1.9538
frame_002090.jpg,2090,-4.542907,0.183010,-3.824747,1.8461
frame_002110.jpg,2110,-3.808555,0.240250,-3.532382,1.1117
frame_002120.jpg,2120,-3.748884,0.250645,-3.489780,1.0521
frame_002130.jpg,2130,-4.054722,0.229725,-3.636260,1.3579
frame_002140.jpg,2140,-4.521471,0.195901,-3.918023,1.8246
frame_002150.jpg,2150,-4.699084,0.182810,-3.914254,2.0023
frame_002160.jpg,2160,-4.862428,0.167156,-4.050180,2.1656
frame_002170.jpg,2170,-4.294320,0.223265,-3.516716,1.5975
frame_002180.jpg,2180,-4.435350,0.212891,-3.641916,1.7385
frame_002190.jpg,2190,-4.041045,0.237918,-3.283921,1.3442
frame_002200.jpg,2200,-3.836897,0.250408,-2.978006,1.1401
frame_002210.jpg,2210,-3.693750,0.260362,-2.996060,0.9969
frame_002220.jpg,2220,-3.671978,0.265536,-3.077115,0.9751
frame_002230.jpg,2230,-4.022246,0.241893,-3.324288,1.3254
frame_002240.jpg,2240,-4.444155,0.206201,-3.699845,1.7473
frame_002250.jpg,2250,-3.833516,0.249061,-3.141913,1.1367
frame_002260.jpg,2260,-5.034791,0.157679,-4.541618,2.3380
frame_002270.jpg,2270,-3.678557,0.261211,-3.348010,0.9817
frame_002280.jpg,2280,-3.681723,0.270190,-3.365357,0.9849
frame_002290.jpg,2290,-3.708523,0.268852,-3.479260,1.0117
frame_002300.jpg,2300,-4.395410,0.210463,-4.278372,1.6986
frame_002310.jpg,2310,-3.903725,0.244243,-3.987035,1.2069
frame_002320.jpg,2320,-4.235151,0.219354,-4.046291,1.5383
frame_002330.jpg,2330,-4.416275,0.204243,-3.947916,1.7194
frame_002340.jpg,2340,-4.084325,0.234813,-3.405892,1.3875
frame_002350.jpg,2350,-4.623735,0.187185,-3.921705,1.9269
frame_002360.jpg,2360,-4.757055,0.178717,-3.709305,2.0602
frame_002370.jpg,2370,-4.380092,0.206900,-3.149552,1.6833
frame_002380.jpg,2380,-4.303710,0.211960,-3.055480,1.6069
frame_002400.jpg,2400,-4.216834,0.216620,-3.299311,1.5200
frame_002410.jpg,2410,-4.785432,0.181162,-3.970357,2.0886
frame_002420.jpg,2420,-4.135551,0.223480,-3.689431,1.4387
frame_002430.jpg,2430,-3.715959,0.250548,-3.618163,1.0191
frame_002440.jpg,2440,-3.562077,0.266334,-3.675643,0.8652
frame_002450.jpg,2450,-3.509803,0.272299,-3.557138,0.8130
frame_002460.jpg,2460,-4.008832,0.237401,-3.753454,1.3120
frame_002470.jpg,2470,-3.857015,0.248421,-3.586692,1.1602
frame_002480.jpg,2480,-3.957520,0.200915,-3.058797,1.2607
frame_002490.jpg,2490,-3.969150,0.202635,-3.058321,1.2723
frame_002500.jpg,2500,-3.924872,0.208161,-3.053775,1.2280
frame_002510.jpg,2510,-4.153391,0.192345,-3.289492,1.4566
frame_002520.jpg,2520,-4.478094,0.164401,-3.717487,1.7813
frame_002530.jpg,2530,-4.284800,0.174613,-3.579149,1.5880
frame_002540.jpg,2540,-4.349491,0.170489,-3.734731,1.6527
frame_002550.jpg,2550,-3.555446,0.235429,-3.303764,0.8586
frame_002560.jpg,2560,-3.763041,0.226827,-3.385243,1.0662
frame_002570.jpg,2570,-3.840154,0.213315,-3.570805,1.1433
frame_002580.jpg,2580,-3.488052,0.240578,-3.535776,0.7912
frame_002610.jpg,2610,-3.883428,0.221517,-3.249352,1.1866
frame_002640.jpg,2640,-4.016453,0.217026,-3.524727,1.3196
frame_002650.jpg,2650,-4.849792,0.145643,-4.850080,2.1530
frame_002660.jpg,2660,-3.766386,0.236748,-4.211810,1.0696
frame_002670.jpg,2670,-4.290950,0.200100,-4.741042,1.5941
frame_002680.jpg,2680,-4.583138,0.174112,-4.794673,1.8863
frame_002690.jpg,2690,-4.847716,0.138628,-5.141749,2.1509
frame_002700.jpg,2700,-4.668926,0.162165,-4.216922,1.9721
frame_002710.jpg,2710,-3.804110,0.234818,-3.498208,1.1073
frame_002720.jpg,2720,-4.305598,0.218476,-4.470229,1.6088
frame_002730.jpg,2730,-3.557810,0.293506,-4.124141,0.8610
frame_002750.jpg,2750,-2.984223,0.338220,-3.572775,0.2874
